title,content,source
Treatment for Muscle Cramps,"Muscle cramps are sudden, involuntary contractions that cause pain and disability. The immediate treatment includes: gentle stretching of the affected muscle; massage to relax the muscle fibers; application of heat for persistent cramps or ice for acute inflammation; and proper hydration with electrolyte-containing fluids. Prevention strategies include adequate hydration before, during, and after exercise; consuming foods rich in potassium, magnesium, and calcium; proper warm-up and cool-down routines; and gradually increasing exercise intensity and duration to build tolerance. Persistent or recurrent cramps should be evaluated by a healthcare provider to rule out underlying medical conditions.","Sports Medicine Journal, 2023"
Twisted Ankle Treatment,"Ankle sprains require prompt PRICE treatment: Protection from further injury; Rest (but not complete immobilization); Ice for 15-20 minutes every 2-3 hours for the first 48-72 hours; Compression with an elastic bandage applied from toes upward; and Elevation above heart level when possible. Severity assessment by a healthcare professional is recommended for moderate to severe sprains. Rehabilitation should focus on restoring range of motion, strength, and proprioception. Early controlled movement is preferred over prolonged immobilization. Return to sport criteria include full pain-free range of motion, at least 90% strength compared to the uninjured side, and successful completion of sport-specific movement tests. Taping or bracing may help prevent re-injury during the return to activity phase.","American Journal of Sports Medicine, 2022"
Hamstring Strain Recovery,"Hamstring strain rehabilitation follows a progressive, phased approach. Acute phase (1-7 days) focuses on minimizing pain and swelling with PRICE protocol while maintaining pain-free range of motion. The sub-acute phase (3-21 days) gradually introduces progressive loading with isometric exercises, advancing to concentric and finally eccentric strengthening. The functional phase (beyond 14-21 days) incorporates sport-specific movements, running patterns, and sprint mechanics. Complete recovery typically requires 3-8 weeks depending on severity, with premature return to sport significantly increasing re-injury risk. Neuromuscular control exercises and addressing any underlying biomechanical issues are essential for prevention of recurrence, which affects up to 30% of athletes within the first year after initial injury.","British Journal of Sports Medicine, 2021"
Preventing Shoulder Injuries,"Recurrent shoulder injuries in athletes can be prevented through comprehensive programming addressing several key factors: strengthening the rotator cuff muscles with external and internal rotation exercises; improving scapular stability and movement patterns; maintaining appropriate mobility in the thoracic spine; balancing anterior and posterior shoulder musculature to avoid strength imbalances; implementing proper mechanics and technique for sport-specific movements; incorporating progressive loading that mimics sport demands; and allowing adequate recovery between intense training sessions. For throwing athletes, limiting pitch counts and including off-season periodization are essential. Regular screening can identify early warning signs such as decreased range of motion or subtle weakness before they develop into injuries.","Journal of Shoulder and Elbow Surgery, 2023"
Optimal Recovery Time,"Recovery between high-intensity workouts depends on several factors including workout intensity, volume, training age, and individual recovery capacity. Generally, 48-72 hours is recommended for complete recovery of the same muscle groups. However, active recovery sessions can be beneficial between intense workouts. Signs of incomplete recovery include persistent fatigue, decreased performance, and increased perception of effort during workouts.","Journal of Strength and Conditioning Research, 2019"
Sleep and Athletic Performance,"Sleep is a critical factor in athletic performance and recovery. Athletes should aim for 7-9 hours of quality sleep per night. Sleep enhances muscle recovery through increased growth hormone secretion, improves cognitive function for better skill execution, and helps maintain immune function. Research shows that even partial sleep deprivation can significantly decrease strength, power, and endurance performance. Consistent sleep habits with regular sleep/wake times are ideal for athletes.","Sports Medicine Review, 2021"
Vertical Jump Improvement,"To improve vertical jump height, athletes should focus on both strength and power development. Key exercises include squats, deadlifts, and Olympic lifting variations to build baseline strength. Plyometric training incorporating depth jumps, box jumps, and reactive jumps helps develop power and the stretch-shortening cycle. For optimal results, periodize training with a strength phase followed by a power phase. Aim for 2-3 strength sessions and 1-2 plyometric sessions weekly, allowing 48 hours between intense sessions.","International Journal of Sports Physiology and Performance, 2020"
Nutrition for Training Phases,"Nutritional needs vary significantly across training phases. During high-volume training, carbohydrate intake should be increased to 6-10g/kg bodyweight to support energy demands and recovery. In strength-focused phases, protein intake of 1.6-2.2g/kg is recommended to support muscle protein synthesis. During competition preparation, carbohydrate periodization strategies can enhance metabolic flexibility. Recovery nutrition should include 20-40g of protein and carbohydrates within 30-60 minutes post-exercise for optimal glycogen replenishment and muscle repair.","American College of Sports Medicine, 2022"
Hydration Strategies,"Proper hydration is essential for performance, with even 2% dehydration reducing aerobic capacity by approximately 10-20%. Individual fluid needs vary based on body size, environmental conditions, and sweat rate. Athletes should aim to start exercise well-hydrated and consume 400-800ml/hour during activity, depending on conditions and individual sweat rate. Sodium replacement becomes crucial for sessions lasting beyond 60 minutes. For accurate hydration planning, athletes can calculate sweat rate by measuring pre- and post-exercise weight differences.","Journal of Athletic Training, 2018"
Resistance Training Periodization,"Effective resistance training requires systematic variation in training variables. Traditional periodization progresses from high-volume/low-intensity to low-volume/high-intensity phases. Undulating periodization varies intensity and volume more frequently, often showing superior results for advanced athletes. For strength development, focus on 3-5 sets of 3-6 reps at 85-95% 1RM. For hypertrophy, 3-5 sets of 8-12 reps at 70-85% 1RM is optimal. Planned deload weeks (reduced volume/intensity) every 4-6 weeks help prevent overtraining and facilitate supercompensation.","Strength and Conditioning Journal, 2021"
Running Economy Improvement,"Running economy (oxygen cost at submaximal pace) is a critical factor in endurance performance. Improvements come from several interventions: strength training (particularly heavy resistance and plyometric work) can improve economy by 2-8%; technique refinements focusing on reduced vertical oscillation and optimized stride length; altitude training which increases red blood cell mass and enhances oxygen delivery; and core stability work which improves force transfer while running. Consistent technique drills and proper footwear selection are also significant factors.","Medicine & Science in Sports & Exercise, 2020"
Muscle Imbalance Correction,"Muscle imbalances increase injury risk and reduce performance efficiency. Assessment should include functional movement screening and strength ratio testing for antagonist muscle groups. Correction strategies include: strengthening the weaker muscle/group specifically; incorporating unilateral exercises to prevent stronger side compensation; implementing proper movement patterns through motor control exercises; and addressing flexibility deficits in overactive muscles. For optimal results, perform corrective exercises at the beginning of training sessions when neuromuscular fatigue is minimal.","Physical Therapy in Sport, 2019"
Heart Rate Variability Monitoring,"Heart rate variability (HRV) measures the variation in time between successive heartbeats and reflects autonomic nervous system balance. Lower HRV often indicates incomplete recovery or excessive physiological stress. Morning HRV measurements can guide training decisions: when HRV is suppressed, training intensity should be reduced; when HRV is elevated, the body may be ready for higher intensity work. For effective implementation, establish an individual baseline over 2-3 weeks and measure consistently upon waking while controlling for variables like sleep, nutrition, and stress.","European Journal of Sport Science, 2022"
Post-Exercise Recovery Techniques,"Various recovery modalities show different effectiveness based on research: cold water immersion (10-15°C for 10-15 minutes) reduces inflammation and muscle soreness; contrast therapy alternating hot and cold can improve circulation and reduce edema; compression garments worn during recovery enhance venous return and reduce perceived soreness; active recovery at 30-60% of maximum heart rate may accelerate lactate clearance better than passive recovery. Recovery effectiveness is highly individual, so athletes should experiment to find optimal protocols.","Sports Medicine, 2021"
Chronic Injury Prevention,"Preventing chronic injuries requires addressing multiple factors: training load management with gradual progression (no more than 10% increase per week); adequate recovery between high-intensity sessions; correcting biomechanical issues through technique refinement; implementing targeted mobility work for restricted joints; strengthening muscles around vulnerable areas; monitoring training:recovery ratios; and addressing nutritional deficiencies that may affect tissue health. Regular screening for movement dysfunctions can identify issues before they become symptomatic.","British Journal of Sports Medicine, 2020"
Biomechanics of Squatting,"Proper squat biomechanics involve maintaining a neutral spine, knees tracking in line with toes, and weight distributed through the midfoot. Squat depth should be determined by individual mobility and goals, with parallel or below generally recommended for performance benefits. Common errors include excessive forward lean, knee valgus, and heel rise—often stemming from ankle, hip, or thoracic spine mobility restrictions. Hip-to-ankle ratio significantly affects individual squat mechanics, with longer femurs relative to tibias resulting in more forward lean.","Journal of Strength and Conditioning Research, 2018"
Overtraining Prevention,"Overtraining syndrome represents the extreme end of the training continuum where performance decreases despite maintained or increased training load. Early warning signs include: unexpected performance decreases, elevated resting heart rate, sleep disturbances, mood changes, and increased susceptibility to illness. Prevention strategies include: systematic monitoring of training load using metrics like Rate of Perceived Exertion (RPE) multiplied by training duration; implementing regular recovery weeks; tracking subjective wellness measures daily; and periodizing training stressors to avoid concurrent high loads across multiple training variables.","International Journal of Sports Physiology and Performance, 2021"
Lactate Threshold Training,"The lactate threshold represents the exercise intensity at which lactate begins to accumulate in the bloodstream faster than it can be cleared. Training to improve lactate threshold can significantly enhance endurance performance. Effective methods include: tempo training at 85-90% of maximum heart rate; intermittent intervals alternating between above and below threshold intensity; progressive threshold sessions that gradually increase intensity; and polarized training that focuses on both well below and well above threshold intensities with minimal time at threshold level. Regular assessment every 4-6 weeks allows for training adjustment.","Journal of Applied Physiology, 2020"
Plyometric Training Principles,"Plyometric training enhances the stretch-shortening cycle, improving power production. Effective programming follows key principles: establish strength foundation first (generally able to squat 1.5x bodyweight); begin with low-intensity drills (jump-to-box) before advancing to high-intensity exercises (depth jumps); ensure adequate rest between sets (45-60 seconds) and training sessions (48-72 hours); progress by increasing intensity rather than volume; limit to 80-100 foot contacts for beginners and 120-140 for advanced athletes per session; and always emphasize quality of movement over quantity.","Journal of Strength and Conditioning Research, 2019"
Core Stability for Athletes,"Core stability extends beyond aesthetic abdominal training to include functional strength of all muscles that control the lumbo-pelvic-hip complex. Effective core training for athletes should: emphasize anti-movement exercises (anti-rotation, anti-extension, anti-lateral flexion); incorporate multi-planar movements specific to sport demands; progress from static to dynamic stability; include rotational power development for rotational sports; and focus on breathing mechanics to enhance intra-abdominal pressure. Integration of core engagement with compound movements often shows greater transfer to performance than isolated core exercises.","Sports Medicine, 2018"
Nutrition for Injury Recovery,"Nutritional strategies can significantly influence injury recovery rates. Protein intake should be maintained or slightly increased (1.6-2.2g/kg/day) to prevent muscle atrophy during reduced activity. Collagen synthesis can be enhanced by consuming 15-20g collagen protein with 50mg vitamin C, 30-60 minutes before rehabilitation exercises. Anti-inflammatory foods rich in omega-3 fatty acids can help manage excessive inflammation. Caloric intake should be adjusted to match reduced energy expenditure while ensuring sufficient energy availability for recovery processes. Adequate micronutrient intake, particularly vitamin D, calcium, and zinc, supports tissue healing.","Clinical Journal of Sport Medicine, 2022"
Mobility vs. Flexibility Training,"Mobility and flexibility represent different but complementary aspects of movement capability. Flexibility refers to a muscle's ability to lengthen passively, while mobility encompasses active range of motion involving strength, coordination, and joint function. Effective training approaches differ: static stretching (held for 30+ seconds) may improve flexibility but shows limited transfer to functional movement; dynamic mobility drills that take joints through full ranges actively show better transfer to performance; proprioceptive neuromuscular facilitation (PNF) techniques combine stretching with contraction for enhanced results; and joint mobilizations target restrictions in joint capsules rather than just muscles.","International Journal of Sports Physical Therapy, 2020"
Power Development Methods,"Power (force × velocity) development requires specific training methods distinct from pure strength or endurance work. Optimal approaches include: Olympic lifting variations which train triple extension patterns at high velocities; medicine ball throws for upper body and rotational power; plyometric training to enhance reactive strength; complex training that pairs heavy strength exercises with explosive movements; and velocity-based training that maintains optimal speed for power development (typically 30-60% of 1RM). For maximum power adaptation, keep reps low (3-5), rest periods complete (2-3 minutes), and focus on maximum intent with each repetition.","Journal of Strength and Conditioning Research, 2021"
Altitude Training Effects,"Training at altitude (>2000m) induces physiological adaptations that can benefit sea-level performance. Primary mechanisms include increased red blood cell mass and improved oxygen utilization at the muscular level. Effective protocols include: Live High-Train High (traditional approach), Live High-Train Low (optimal for maintaining training intensity), and intermittent hypoxic exposure. Best results typically occur with exposures of 3-4 weeks at moderate altitudes (2000-2500m). Performance benefits peak 2-3 weeks post-descent. Athletes may experience initial performance decrements at altitude, reduced training quality, and increased recovery needs until acclimatization occurs.","Journal of Applied Physiology, 2019"
